,classifier,0,1,2,3
accuracy,0.85503312,0.867303725,0.858616571,0.860788359,0.85503312
f1,0.682520809,0.714352501,0.668026517,0.705963303,0.682520809
statistical_parity_difference,-0.23232592,-0.198444025,-0.166830184,-0.235807011,-0.23232592
equal_opportunity_difference,-0.27892943,-0.102238216,-0.096673869,-0.211684063,-0.27892943
average_abs_odds_difference,0.188956622,0.089757167,0.077380606,0.158615842,0.188956622
disparate_impact,-1.667602314,-1.20701597,-1.247609105,-1.490821418,-1.667602314
theil_index,0.115425739,0.103492267,0.124906041,0.104599153,0.115425739
