,classifier,0,1,2
accuracy,0.875925926,0.874588477,0.868518519,0.875925926
f1,0.72005571,0.721879991,0.684132477,0.72005571
statistical_parity_difference,-0.180529646,-0.182711982,-0.161319437,-0.180529646
equal_opportunity_difference,-0.065061772,-0.05284909,-0.075400859,-0.065061772
average_abs_odds_difference,0.062447703,0.057798226,0.062210445,0.062447703
disparate_impact,-1.185914275,-1.142053483,-1.243921372,-1.185914275
theil_index,0.102360239,0.100362464,0.118066193,0.102360239
