,classifier,0,1,2
accuracy,0.845940675,0.849122447,0.844914297,0.845940675
f1,0.631294522,0.654605263,0.61795196,0.631294522
statistical_parity_difference,-0.177946257,-0.193903094,-0.169360855,-0.177946257
equal_opportunity_difference,-0.159736478,-0.162130469,-0.173226284,-0.159736478
average_abs_odds_difference,0.1156313,0.121924637,0.11851271,0.1156313
disparate_impact,-1.341645516,-1.313411887,-1.381609231,-1.341645516
theil_index,0.128946247,0.118984795,0.134472207,0.128946247
