,classifier,0,1,2
accuracy,0.86864678,0.844450134,0.851491486,0.86864678
f1,0.678973717,0.606158833,0.589816124,0.678973717
statistical_parity_difference,-0.163853313,-0.148739845,-0.112332108,-0.163853313
equal_opportunity_difference,-0.116145635,-0.082780348,-0.047158134,-0.116145635
average_abs_odds_difference,0.084232074,0.07151171,0.037851485,0.084232074
disparate_impact,-1.237666403,-1.214889457,-1.124840677,-1.237666403
theil_index,0.113674234,0.137160072,0.14461988,0.113674234
