,classifier,0,1,2,3
accuracy,0.86437181,0.860354002,0.864046042,0.86437181,0.86437181
f1,0.699687425,0.69026975,0.698313253,0.699398315,0.699687425
statistical_parity_difference,-0.196929751,-0.173521798,-0.178151749,-0.193315499,-0.196929751
equal_opportunity_difference,-0.11802338,-0.043842139,-0.059014742,-0.103015597,-0.11802338
average_abs_odds_difference,0.098296056,0.054714815,0.062633982,0.089946396,0.098296056
disparate_impact,-1.339795506,-1.112949567,-1.158081478,-1.305445762,-1.339795506
theil_index,0.112186708,0.115404361,0.112804571,0.11235605,0.112186708
