,classifier,0,1,2
accuracy,0.870061728,0.868004115,0.867283951,0.870061728
f1,0.713929785,0.712008979,0.707748074,0.713929785
statistical_parity_difference,-0.182992158,-0.185813325,-0.183776801,-0.182992158
equal_opportunity_difference,-0.103013714,-0.091845723,-0.102642982,-0.103013714
average_abs_odds_difference,0.08257565,0.079752735,0.083838268,0.08257565
disparate_impact,-1.187683994,-1.179436726,-1.19616838,-1.187683994
theil_index,0.108391076,0.108292702,0.110450901,0.108391076
