,classifier,0,1,2
accuracy,0.839063943,0.84152725,0.840192959,0.839063943
f1,0.622895623,0.633602278,0.630078403,0.622895623
statistical_parity_difference,-0.16940284,-0.172467428,-0.171698434,-0.16940284
equal_opportunity_difference,-0.110888293,-0.10221014,-0.097570965,-0.110888293
average_abs_odds_difference,0.094208697,0.090772877,0.088891693,0.094208697
disparate_impact,-1.161943337,-1.142138329,-1.139097889,-1.161943337
theil_index,0.130761123,0.126626087,0.127800301,0.130761123
