,classifier,0,1,2,3,4
accuracy,0.947831638,0.884810069,0.899630626,0.931187013,0.943636281,0.947831638
f1,0.949178143,0.8857117,0.898219653,0.933911444,0.94439946,0.949178143
statistical_parity_difference,0.020686765,0.017461446,0.015102317,0.0207022,0.023277071,0.020686765
equal_opportunity_difference,-0.003137624,-0.00882003,-0.007356987,0.002779369,0.000320018,-0.003137624
average_abs_odds_difference,0.00311391,0.00577421,0.006155942,0.004944159,0.000614916,0.00311391
disparate_impact,0.039591736,0.034625932,0.031279366,0.038534975,0.045693894,0.039591736
theil_index,0.02803817,0.077971754,0.075902364,0.033969479,0.035359937,0.02803817
