,classifier,0,1,2,3,4
accuracy,0.955115632,0.883592574,0.926105004,0.939834877,0.954796333,0.955115632
f1,0.955398423,0.883831027,0.928362961,0.94090237,0.955152283,0.955398423
statistical_parity_difference,0.0269456,0.01651374,0.026749356,0.029779187,0.025295141,0.0269456
equal_opportunity_difference,0.001980549,-0.013010433,0.002561536,0.001817857,8.29E-05,0.001980549
average_abs_odds_difference,0.002659039,0.00692666,0.001695308,0.003013615,0.00239908,0.002659039
disparate_impact,0.053334739,0.032881926,0.050429965,0.057645955,0.049889908,0.053334739
theil_index,0.027517206,0.078243619,0.038246862,0.033856708,0.027190618,0.027517206
