,classifier,T0,T1,T2,T3,T4
accuracy,0.7266666666666667,0.6833333333333333,0.7466666666666667,0.66,0.7433333333333333,0.7266666666666667
f1,0.47435897435897434,0.4311377245508982,0.3448275862068965,0.39999999999999997,0.4122137404580153,0.47435897435897434
statistical_parity_difference,-0.10000525789999481,-0.09469477890530531,-0.02323991797676017,-0.033019611966980444,-0.07765918292234075,-0.10000525789999481
equal_opportunity_difference,-0.08441095611444871,-0.0776906628652887,-0.0012218714998472047,-0.024030139496996172,-0.087160166989105,-0.08441095611444871
average_abs_odds_difference,0.06303881139055767,0.07009533143264435,0.008944269083256962,0.014098403081831412,0.05399675016121913,0.06303881139055767
disparate_impact,-0.1390557553631909,-0.13852016539805528,-0.026752185471433057,-0.04808397715746416,-0.0961797450765091,-0.1390557553631909
theil_index,0.1894602293530517,0.238824171204791,0.11132236570762241,0.26106671939325476,0.13749886899450803,0.1894602293530517
